[
  {
    "id": "695674841c9f49c799aa66f5db67aea4",
    "original_filename": "CSCI_12033_Lecture_01.md",
    "stored_filename": "010f90ba1d5d457faec7fa197e0eb161.md",
    "subject_id": "1",
    "uploaded_at": "2025-05-16T20:59:59.326995",
    "processed": true,
    "processed_at": "2025-05-16T21:00:52.655529"
  },
  {
    "id": "f7b9c738d68d4425ba47117ea7652f2f",
    "original_filename": "CSCI_12033_Lecture_02.md",
    "stored_filename": "84f821d41e1e4390a400816698f6922c.md",
    "subject_id": "1",
    "uploaded_at": "2025-05-16T21:00:29.604630",
    "processed": true,
    "processed_at": "2025-05-16T21:01:06.381513"
  },
  {
    "id": "4ae2032919864553a67cb79b3e865564",
    "original_filename": "CSCI_12033_Lecture_03.md",
    "stored_filename": "29c7080013b04a2ba8a5da8944ada596.md",
    "subject_id": "1",
    "uploaded_at": "2025-05-16T21:00:36.315556",
    "processed": true,
    "processed_at": "2025-05-16T21:01:15.674967"
  }
]